{
    "./src/byte.ts": {
        "summary": {
            "successRate": 1,
            "total": 24.525661452,
            "slowest": 0.236627535,
            "fastest": 0.014618583,
            "average": 0.06123770901419992,
            "requestsPerSec": 815.4723997614774,
            "totalData": 528894,
            "sizePerRequest": 26,
            "sizePerSec": 21564.92296997234
        },
        "responseTimeHistogram": {
            "0.014618583": 1,
            "0.0368194782": 0,
            "0.0590203734": 13944,
            "0.08122126860000001": 4031,
            "0.10342216380000001": 1365,
            "0.125623059": 503,
            "0.1478239542": 88,
            "0.17002484939999998": 34,
            "0.1922257446": 15,
            "0.2144266398": 15,
            "0.236627535": 4
        },
        "latencyPercentiles": {
            "p10": 0.052035872,
            "p25": 0.053946415,
            "p50": 0.056357328,
            "p75": 0.059787823,
            "p90": 0.082789214,
            "p95": 0.099172155,
            "p99": 0.120367443,
            "p99.9": 0.191145106,
            "p99.99": 0.230841614
        },
        "rps": {
            "mean": 814.2549903034048,
            "stddev": 184.5611141738526,
            "max": 1130.3150496310082,
            "min": 21.892575975722007,
            "percentiles": {
                "p10": 505.4582924628194,
                "p25": 756.2532147514262,
                "p50": 856.2141400126364,
                "p75": 934.6296161487096,
                "p90": 989.362593255587,
                "p95": 1023.9840618930448,
                "p99": 1065.6133670540435,
                "p99.9": 1119.1508420603532,
                "p99.99": 1130.3150496310082
            }
        },
        "details": {
            "DNSDialup": {
                "average": 0.0015489808200000001,
                "fastest": 0.00035463,
                "slowest": 0.002738043
            },
            "DNSLookup": {
                "average": 0.00005655149999999998,
                "fastest": 0.000006344,
                "slowest": 0.000967715
            }
        },
        "statusCodeDistribution": {
            "201": 20000
        },
        "errorDistribution": {}
    },
    "./src/effect.ts": {
        "summary": {
            "successRate": 1,
            "total": 31.276116572,
            "slowest": 0.261111871,
            "fastest": 0.054617416,
            "average": 0.07807983363525021,
            "requestsPerSec": 639.4655792370667,
            "totalData": 528894,
            "sizePerRequest": 26,
            "sizePerSec": 16910.475403250457
        },
        "responseTimeHistogram": {
            "0.054617416": 1,
            "0.0752668615": 11371,
            "0.095916307": 7077,
            "0.1165657525": 743,
            "0.13721519799999998": 365,
            "0.1578646435": 348,
            "0.178514089": 48,
            "0.1991635345": 30,
            "0.21981298": 15,
            "0.2404624255": 0,
            "0.261111871": 2
        },
        "latencyPercentiles": {
            "p10": 0.068292882,
            "p25": 0.070866845,
            "p50": 0.074158953,
            "p75": 0.078499637,
            "p90": 0.086944383,
            "p95": 0.112777383,
            "p99": 0.149788802,
            "p99.9": 0.198181133,
            "p99.99": 0.217549099
        },
        "rps": {
            "mean": 637.7755675807824,
            "stddev": 126.45640852705709,
            "max": 878.8408089729409,
            "min": 18.262648664808626,
            "percentiles": {
                "p10": 438.9313207454768,
                "p25": 608.8396206848024,
                "p50": 663.8700770852571,
                "p75": 722.5242603002723,
                "p90": 754.7388705936879,
                "p95": 773.4121241411215,
                "p99": 823.0403563436205,
                "p99.9": 859.3677910456009,
                "p99.99": 878.8408089729409
            }
        },
        "details": {
            "DNSDialup": {
                "average": 0.00056495292,
                "fastest": 0.000177463,
                "slowest": 0.001122692
            },
            "DNSLookup": {
                "average": 0.00001609891999999999,
                "fastest": 0.000003785,
                "slowest": 0.000090783
            }
        },
        "statusCodeDistribution": {
            "201": 20000
        },
        "errorDistribution": {}
    },
    "./src/elysia.ts": {
        "summary": {
            "successRate": 1,
            "total": 23.891568767,
            "slowest": 0.190162994,
            "fastest": 0.020562051,
            "average": 0.05965231652935003,
            "requestsPerSec": 837.1153939302976,
            "totalData": 528894,
            "sizePerRequest": 26,
            "sizePerSec": 22137.265457868543
        },
        "responseTimeHistogram": {
            "0.020562051": 1,
            "0.037522145300000004": 0,
            "0.054482239599999996": 5802,
            "0.0714423339": 12800,
            "0.0884024282": 357,
            "0.1053625225": 593,
            "0.12232261679999999": 369,
            "0.13928271109999998": 30,
            "0.1562428054": 10,
            "0.1732028997": 26,
            "0.190162994": 12
        },
        "latencyPercentiles": {
            "p10": 0.052143159,
            "p25": 0.054047632,
            "p50": 0.056550513,
            "p75": 0.059855844,
            "p90": 0.064388982,
            "p95": 0.089933534,
            "p99": 0.114758779,
            "p99.9": 0.169058247,
            "p99.99": 0.184984526
        },
        "rps": {
            "mean": 837.261565564687,
            "stddev": 155.15477021167234,
            "max": 1102.7154035999235,
            "min": 20.605981104438968,
            "percentiles": {
                "p10": 647.4784975088779,
                "p25": 803.7488684363243,
                "p50": 858.9804442059981,
                "p75": 935.4228497142489,
                "p90": 986.0992870501905,
                "p95": 1018.4498988849082,
                "p99": 1052.2973053237658,
                "p99.9": 1075.5575986370718,
                "p99.99": 1102.7154035999235
            }
        },
        "details": {
            "DNSDialup": {
                "average": 0.0014618574999999997,
                "fastest": 0.000433276,
                "slowest": 0.001961139
            },
            "DNSLookup": {
                "average": 0.00006827601999999998,
                "fastest": 0.000008946,
                "slowest": 0.001460749
            }
        },
        "statusCodeDistribution": {
            "201": 20000
        },
        "errorDistribution": {}
    }
}